<?xml version="1.0"?>
<doc>
    <assembly>
        <name>Dialogue Partner Toolkit Client Library</name>
    </assembly>
    <members>
        <member name="T:DialoguePartnerToolkit.Sms.SendSmsRequest">
            <summary>
            Request object containing message(s), recipient(s) and other optional properties.
            </summary>
        </member>
        <member name="M:DialoguePartnerToolkit.Sms.SendSmsRequest.#ctor">
            <summary>
            Constructs a SendSmsRequest object without message or recipient.
            </summary>
        </member>
        <member name="M:DialoguePartnerToolkit.Sms.SendSmsRequest.#ctor(System.String,System.String)">
            <summary>
            Constructs a SendSmsRequest object with a single message and single recipient.
            </summary>
            <param name="Message">The message.</param>
            <param name="Recipient">The recipient.</param>
            <exception cref="T:System.ArgumentNullException">Thrown when Message or Recipient is null or empty.</exception>
        </member>
        <member name="M:DialoguePartnerToolkit.Sms.SendSmsRequest.#ctor(System.String,System.Collections.Generic.List{System.String})">
            <summary>
            Constructs a SendSmsRequest object with a single message and a list of recipients.
            </summary>
            <param name="Message">The message.</param>
            <param name="Recipients">The recipients list.</param>
            <exception cref="T:System.ArgumentNullException">Thrown when Message or Recipients is null or empty.</exception>        
        </member>
        <member name="M:DialoguePartnerToolkit.Sms.SendSmsRequest.#ctor(System.Collections.Generic.List{System.String},System.String)">
            <summary>
            Constructs a SendSmsRequest object with a list of messages and single recipient.
            </summary>
            <param name="Messages">The messages list.</param>
            <param name="Recipient">The recipient.</param>
            <exception cref="T:System.ArgumentNullException">Thrown when Messages or Recipient is null or empty.</exception>
        </member>
        <member name="M:DialoguePartnerToolkit.Sms.SendSmsRequest.#ctor(System.Collections.Generic.List{System.String},System.Collections.Generic.List{System.String})">
            <summary>
            Constructs a SendSmsRequest object with a list of messages and a list of recipients.
            </summary>
            <param name="Messages">The messages list.</param>
            <param name="Recipients">The recipients list.</param>
            <exception cref="T:System.ArgumentNullException">Thrown when Messages or Recipients is null or empty.</exception>
        </member>
        <member name="M:DialoguePartnerToolkit.Sms.SendSmsRequest.ToString">
            <summary>
            Returns an XML representation of this SendSmsRequest instance.
            </summary>
            <returns>XML representation of this SendSmsRequest instance.</returns>
            <exception cref="T:System.InvalidOperationException">Thrown if the SendSmsRequest instance has not yet been intialized.</exception>
        </member>
        <member name="P:DialoguePartnerToolkit.Sms.SendSmsRequest.Messages">
            <summary>
            The messages list.
            </summary>
            <exception cref="T:System.ArgumentNullException">Thrown on setting when Messages is null or empty.</exception>
        </member>
        <member name="P:DialoguePartnerToolkit.Sms.SendSmsRequest.Message">
            <summary>
            Replaces the messages list by a single message. Setter only; to get the message(s) use property Messages.
            </summary>
            <exception cref="T:System.ArgumentNullException">Thrown on setting when Message is null or empty.</exception>
        </member>
        <member name="P:DialoguePartnerToolkit.Sms.SendSmsRequest.Recipients">
            <summary>
            The recipients list.
            </summary>
            <exception cref="T:System.ArgumentNullException">Thrown on setting when Recipients is null or empty.</exception>
        </member>
        <member name="P:DialoguePartnerToolkit.Sms.SendSmsRequest.Recipient">
            <summary>
            Replaces the recipients list by a single recipient. Setter only; to get the recipient(s) use property Recipients.
            </summary>
            <exception cref="T:System.ArgumentNullException">Thrown on setting when Recipient is null or empty.</exception>
        </member>
        <member name="P:DialoguePartnerToolkit.Sms.SendSmsRequest.ConcatenationLimit">
            <summary>
            By setting the ConcatenationLimit property, you enable long message concatenation. If the length of any message exceeds the default character limit the messaging gateway will send multiple concatenated messages up to the concatenation limit, after which the text is truncated. Concatenation works by splitting and wrapping the message in packets or fragments, each fragment being prefixed by the current fragment number and the total number of fragments. This allows the phone to know when it received all fragments and how to reassemble the message even if fragments arrive out of order. The concatenation limit refers to the maximum number of message fragments, not the number of characters, i.e. a concatenation limit of “3” means no more than 3 SMS messages will be sent, which in total can contain up to 459 GSM-compatible characters. The concatenation overhead is 7 characters, so 160 - 7 = 153 available characters per fragment x 3 = 459 total characters. In the response you will find one Sms object for each message segment.
            </summary>
        </member>
        <member name="P:DialoguePartnerToolkit.Sms.SendSmsRequest.ScheduleFor">
            <summary>
            Use the ScheduleFor property to delay sending messages until the specified date and time. The property is of type DateTime and must be an instance of DateTimeKind.Utc so that time zone conversion is possible. If the schedule date/time is in the past the message is sent immediately.
            </summary>
        </member>
        <member name="P:DialoguePartnerToolkit.Sms.SendSmsRequest.ConfirmDelivery">
            <summary>
            The property ConfirmDelivery can be set to true to enable tracking of message delivery. If you enable ConfirmDelivery you must also set the ReplyPath property pointing to an HTTP event handler that you implement. Optionally, set UserKey to an arbitrary, custom identifier, which will be posted back to you. You can use this to associate a message submission with a delivery report.
            </summary>
            <seealso cref="P:DialoguePartnerToolkit.Sms.SendSmsRequest.ReplyPath"/>
            <seealso cref="P:DialoguePartnerToolkit.Sms.SendSmsRequest.UserKey"/>
        </member>
        <member name="P:DialoguePartnerToolkit.Sms.SendSmsRequest.ReplyPath">
            <see cref="P:DialoguePartnerToolkit.Sms.SendSmsRequest.ConfirmDelivery"/>
        </member>
        <member name="P:DialoguePartnerToolkit.Sms.SendSmsRequest.UserKey">
            <see cref="P:DialoguePartnerToolkit.Sms.SendSmsRequest.ConfirmDelivery"/>
        </member>
        <member name="P:DialoguePartnerToolkit.Sms.SendSmsRequest.SessionReplyPath">
            <summary>
            The property SessionReplyPath points to an HTTP event handler that you have implemented. The handler is invoked if the recipient replies to the message they have received. Optionally you can specify the SessionId property, which will be posted back to you. You can use this to associate a message submission with a reply.
            </summary>
        </member>
        <member name="P:DialoguePartnerToolkit.Sms.SendSmsRequest.SessionId">
            <see cref="P:DialoguePartnerToolkit.Sms.SendSmsRequest.SessionReplyPath"/>
        </member>
        <member name="P:DialoguePartnerToolkit.Sms.SendSmsRequest.UserTag">
            <summary>
            By setting the UserTag property you can tag messages. You can use this for billing purposes when sending messages on behalf of several customers. The UserTag property must not exceed 50 characters; longer values will make the submission fail.
            </summary>
        </member>
        <member name="P:DialoguePartnerToolkit.Sms.SendSmsRequest.ValidityPeriod">
            <summary>
            Use the ValidityPeriod property to specify the maximum message delivery validity after which the message is discarded unless received. The property is of type TimeSpan (seconds and milliseconds are ignored). If not set the default validity period is applied. The maximum validity period is 14 days, if you specify a longer validity period 14 days will be used.
            </summary>
        </member>
        <member name="T:DialoguePartnerToolkit.Sms.Sms">
            <summary>
            Contains details of an individual submission.
            </summary>
        </member>
        <member name="P:DialoguePartnerToolkit.Sms.Sms.Id">
            <summary>
            Unique identifier if the submission was successful; null otherwise.
            </summary>
        </member>
        <member name="P:DialoguePartnerToolkit.Sms.Sms.Recipient">
            <summary>
            Recipient of the submission.
            </summary>
        </member>
        <member name="P:DialoguePartnerToolkit.Sms.Sms.SubmissionReport">
            <summary>
            Outcome (status code) of the submission; "00" means successful.
            </summary>
            <seealso cref="P:DialoguePartnerToolkit.Sms.Sms.Successful"/>
        </member>
        <member name="P:DialoguePartnerToolkit.Sms.Sms.ErrorDescription">
            <summary>
            Error description if the submission failed; null otherwise.
            </summary>
        </member>
        <member name="P:DialoguePartnerToolkit.Sms.Sms.Successful">
            <summary>
            True if the submission was successful; false otherwise.
            </summary>
        </member>
        <member name="T:DialoguePartnerToolkit.Sms.SendSmsResponse">
            <summary>
            Response object containing a list of one or more submitted messages.
            </summary>
        </member>
        <member name="P:DialoguePartnerToolkit.Sms.SendSmsResponse.Messages">
            <summary>
            List of submitted messages.
            </summary>
        </member>
        <member name="T:DialoguePartnerToolkit.Sms.SendSmsClient">
            <summary>
            Client used for sending messages.
            </summary>
        </member>
        <member name="M:DialoguePartnerToolkit.Sms.SendSmsClient.#ctor">
            <summary>
            Creates a new SendSmsClient instance. Messaging endpoint and credentials must be provided separately.
            </summary>
        </member>
        <member name="M:DialoguePartnerToolkit.Sms.SendSmsClient.#ctor(System.String,System.Net.NetworkCredential)">
            <summary>
            Creates a new SendSmsClient instance with provide messaging endpoint and credentials.
            </summary>
            <param name="Endpoint">API endpoint (host name) used for sending messages.</param>
            <param name="Credentials">API credentials (user name, password) used for sending messages.</param>
        </member>
        <member name="M:DialoguePartnerToolkit.Sms.SendSmsClient.SendSms(DialoguePartnerToolkit.Sms.SendSmsRequest)">
            <summary>
            Performs the message submission.
            </summary>
            <param name="sendSmsRequest">Request object containing message(s), recipient(s) and other optional properties.</param>
            <returns>Response object containing a list of one or more submitted messages.</returns>
            <exception cref="T:System.InvalidOperationException">Thrown if the SendSmsRequest instance has not yet been intialized.</exception>
            <exception cref="T:System.Net.WebException">Thrown if there is a networking or communication problem with the endpoint.</exception>
        </member>
        <member name="P:DialoguePartnerToolkit.Sms.SendSmsClient.Endpoint">
            <summary>
            Endpoint (host name) used for sending messages.
            </summary>
            <exception cref="T:System.ArgumentNullException">Thrown on setting when Endpoint is null or empty.</exception>
        </member>
        <member name="P:DialoguePartnerToolkit.Sms.SendSmsClient.Credentials">
            <summary>
            Credentials (user name, password) used for sending messages.
            </summary>
            <exception cref="T:System.ArgumentNullException">Thrown on setting when Credentials is null.</exception>
        </member>
        <member name="P:DialoguePartnerToolkit.Sms.SendSmsClient.Path">
            <summary>
            Path used for sending messages (normally you should not and don't need to modify this).
            </summary>
        </member>
        <member name="P:DialoguePartnerToolkit.Sms.SendSmsClient.Secure">
            <summary>
            Allows enabling (if true) or disabling (if false) secure communication. By default secure communication is enabled and we recommended that you don't change this property.
            </summary>
        </member>
        <member name="T:DialoguePartnerToolkit.Sms.State">
            <summary>
            Classifies the delivery report into Delivered, TemporaryError or PermanentError.
            </summary>
        </member>
        <member name="F:DialoguePartnerToolkit.Sms.State.Undefined">
            <summary>
            Undefined (null) state
            </summary>
        </member>
        <member name="F:DialoguePartnerToolkit.Sms.State.Delivered">
            <summary>
            Message delivered 
            </summary>
        </member>
        <member name="F:DialoguePartnerToolkit.Sms.State.TemporaryError">
            <summary>
            Temporary error but could still be delivered
            </summary>
        </member>
        <member name="F:DialoguePartnerToolkit.Sms.State.PermanentError">
            <summary>
            Permanent error, message was not delivered
            </summary>
        </member>
        <member name="T:DialoguePartnerToolkit.Sms.SmsReport">
            <summary>
            Allows parsing incoming message report POST requests.
            </summary>
        </member>
        <member name="M:DialoguePartnerToolkit.Sms.SmsReport.ToString">
            <summary>
            Returns a string representation of this SmsReport instance.
            </summary>
            <returns>String representation of this SmsReport instance.</returns>
        </member>
        <member name="M:DialoguePartnerToolkit.Sms.SmsReport.getInstance(System.String)">
            <summary>
            Parses a report from the given string.
            </summary>
            <param name="str">Input string.</param>
            <returns>The parsed SmsReport instance.</returns>
        </member>
        <member name="M:DialoguePartnerToolkit.Sms.SmsReport.getInstance(System.IO.TextReader)">
            <summary>
            Parses a report from the given TextReader.
            </summary>
            <param name="reader">Input text reader.</param>
            <returns>The parsed SmsReport instance.</returns>
        </member>
        <member name="M:DialoguePartnerToolkit.Sms.SmsReport.getInstance(System.IO.Stream)">
            <summary>
            Parses a report from the given Stream.
            </summary>
            <param name="stream">Input stream.</param>
            <returns>The parsed SmsReport instance.</returns>
        </member>
        <member name="P:DialoguePartnerToolkit.Sms.SmsReport.Id">
            <summary>
            Unique report identifier (not that of the original submission).
            </summary>
        </member>
        <member name="P:DialoguePartnerToolkit.Sms.SmsReport.Recipient">
            <summary>
            The original recipient of the submission.
            </summary>
        </member>
        <member name="P:DialoguePartnerToolkit.Sms.SmsReport.DeliveryReport">
            <summary>
            Delivery report value, 00 to 1F indicating a successful delivery, 20 to 3F indicating a temporary error and 40 to 7F indicating a permanent error.
            </summary>
        </member>
        <member name="P:DialoguePartnerToolkit.Sms.SmsReport.UserKey">
            <summary>
            Optional UserKey parameter from the message submission. Can be used to associate unique submissions with reports, even if the recipient is the same.
            </summary>
        </member>
        <member name="P:DialoguePartnerToolkit.Sms.SmsReport.Timestamp">
            <summary>
            Date and time the message was received (UTC).
            </summary>
        </member>
        <member name="P:DialoguePartnerToolkit.Sms.SmsReport.TimestampString">
            <see cref="P:DialoguePartnerToolkit.Sms.SmsReport.Timestamp"/>
        </member>
        <member name="P:DialoguePartnerToolkit.Sms.SmsReport.Network">
            <summary>
            Mobile operator network name.
            </summary>
        </member>
        <member name="P:DialoguePartnerToolkit.Sms.SmsReport.State">
            <summary>
            The delivery report value classified into State.Delivered, State.TemporaryError or State.PermanentError.
            </summary>
        </member>
        <member name="P:DialoguePartnerToolkit.Sms.SmsReport.Successful">
            <summary>
            True if State is State.Delivered, false otherwise.
            </summary>
        </member>
        <member name="T:DialoguePartnerToolkit.Sms.SmsReply">
            <summary>
            Allows parsing incoming message reply POST requests.
            </summary>
        </member>
        <member name="M:DialoguePartnerToolkit.Sms.SmsReply.ToString">
            <summary>
            Returns a string representation of this SmsReply instance.
            </summary>
            <returns>String representation of this SmsReply instance.</returns>
        </member>
        <member name="M:DialoguePartnerToolkit.Sms.SmsReply.getInstance(System.String)">
            <summary>
            Parses a reply from the given string.
            </summary>
            <param name="str">Input string.</param>
            <returns>The parsed SmsReply instance.</returns>
        </member>
        <member name="M:DialoguePartnerToolkit.Sms.SmsReply.getInstance(System.IO.TextReader)">
            <summary>
            Parses a reply from the given TextReader.
            </summary>
            <param name="reader">Input text reader.</param>
            <returns>The parsed SmsReply instance.</returns>
        </member>
        <member name="M:DialoguePartnerToolkit.Sms.SmsReply.getInstance(System.IO.Stream)">
            <summary>
            Parses a reply from the given Stream.
            </summary>
            <param name="stream">Input stream.</param>
            <returns>The parsed SmsReply instance.</returns>
        </member>
        <member name="P:DialoguePartnerToolkit.Sms.SmsReply.Id">
            <summary>
            Unique message identifier (not that of the original submission).
            </summary>
        </member>
        <member name="P:DialoguePartnerToolkit.Sms.SmsReply.Sender">
            <summary>
            The original recipient of the submission (now the sender as it’s a reply).
            </summary>
        </member>
        <member name="P:DialoguePartnerToolkit.Sms.SmsReply.SessionId">
            <summary>
            Optional SessionId parameter from submission. Can be used to associate unique submissions with replies, even if the recipient is the same.
            </summary>
        </member>
        <member name="P:DialoguePartnerToolkit.Sms.SmsReply.HexMessage">
            <summary>
            The hex-encoded message text.
            </summary>
            <seealso cref="P:DialoguePartnerToolkit.Sms.SmsReply.Message"/>
        </member>
        <member name="P:DialoguePartnerToolkit.Sms.SmsReply.Message">
            <summary>
            The message text.
            </summary>
        </member>
        <member name="P:DialoguePartnerToolkit.Sms.SmsReply.Timestamp">
            <summary>
            Date and time the message was received (UTC).
            </summary>
        </member>
        <member name="P:DialoguePartnerToolkit.Sms.SmsReply.TimestampString">
            <see cref="P:DialoguePartnerToolkit.Sms.SmsReply.Timestamp"/>
        </member>
        <member name="P:DialoguePartnerToolkit.Sms.SmsReply.Network">
            <summary>
            Mobile operator network name.
            </summary>
        </member>
    </members>
</doc>
